Date,FeedIn,SelfConsumption,Production,Consumption,Purchased
2018-01-01 00:00:00,,,,,
2018-01-02 00:00:00,,,,,
2018-01-03 00:00:00,,,,,
2018-01-04 00:00:00,,,,,
2018-01-05 00:00:00,,,,,
2018-01-06 00:00:00,,,,,
2018-01-07 00:00:00,,,,,
2018-01-08 00:00:00,,,,,
2018-01-09 00:00:00,,,,,
2018-01-10 00:00:00,,,,,
2018-01-11 00:00:00,,,,,
2018-01-12 00:00:00,,,,,
2018-01-13 00:00:00,,,,,
2018-01-14 00:00:00,,,,,
2018-01-15 00:00:00,,,,,
2018-01-16 00:00:00,,,,,
2018-01-17 00:00:00,,,,,
2018-01-18 00:00:00,,,,,
2018-01-19 00:00:00,,,,,
2018-01-20 00:00:00,,,,,
2018-01-21 00:00:00,,,,,
2018-01-22 00:00:00,,,,,
2018-01-23 00:00:00,,,,,
2018-01-24 00:00:00,,,,,
2018-01-25 00:00:00,,,,,
2018-01-26 00:00:00,,,,,
2018-01-27 00:00:00,,,,,
2018-01-28 00:00:00,,,,,
2018-01-29 00:00:00,,,,,
2018-01-30 00:00:00,,,,,
2018-01-31 00:00:00,,,,,
2018-02-01 00:00:00,,,,,
2018-02-02 00:00:00,,,,,
2018-02-03 00:00:00,,,,,
2018-02-04 00:00:00,,,,,
2018-02-05 00:00:00,,,,,
2018-02-06 00:00:00,,,,,
2018-02-07 00:00:00,,,,,
2018-02-08 00:00:00,,,,,
2018-02-09 00:00:00,,,,,
2018-02-10 00:00:00,,,,,
2018-02-11 00:00:00,,,,,
2018-02-12 00:00:00,,,,,
2018-02-13 00:00:00,,,,,
2018-02-14 00:00:00,,,,,
2018-02-15 00:00:00,,,,,
2018-02-16 00:00:00,,,,,
2018-02-17 00:00:00,,,,,
2018-02-18 00:00:00,,,,,
2018-02-19 00:00:00,,,,,
2018-02-20 00:00:00,,,,,
2018-02-21 00:00:00,129.0,1854.0,1983.0,15152.0,13298.0
2018-02-22 00:00:00,12.0,539.0,551.0,15970.0,15431.0
2018-02-23 00:00:00,297.0,1076.0,1373.0,14720.0,13644.0
2018-02-24 00:00:00,1801.0,2227.0,4028.0,14617.0,12390.0
2018-02-25 00:00:00,11657.0,3849.0,15506.0,16552.0,12703.0
2018-02-26 00:00:00,14663.0,2403.0,17066.0,13590.0,11187.0
2018-02-27 00:00:00,7150.0,3792.0,10942.0,16398.0,12606.0
2018-02-28 00:00:00,23220.0,4880.0,28100.0,15106.0,10226.0
2018-03-01 00:00:00,636.0,937.0,1573.0,12859.0,11922.0
2018-03-02 00:00:00,3882.0,1551.0,5433.0,16740.0,15189.0
2018-03-03 00:00:00,6430.0,1758.0,8188.0,15212.0,13454.0
2018-03-04 00:00:00,26514.0,2745.0,29259.0,19460.0,16715.0
2018-03-05 00:00:00,24921.0,2797.0,27718.0,14783.0,11986.0
2018-03-06 00:00:00,12624.0,2473.0,15097.0,14845.0,12372.0
2018-03-07 00:00:00,10920.0,6662.0,17582.0,14351.0,7689.0
2018-03-08 00:00:00,18864.0,8008.0,26872.0,15265.0,7257.0
2018-03-09 00:00:00,10980.0,3712.0,14692.0,15306.0,11594.0
2018-03-10 00:00:00,6990.0,2730.0,9720.0,13749.0,11019.0
2018-03-11 00:00:00,5036.0,4056.0,9092.0,20351.0,16295.0
2018-03-12 00:00:00,6942.0,8133.0,15075.0,18111.0,9978.0
2018-03-13 00:00:00,939.0,2468.0,3407.0,18080.0,15612.0
2018-03-14 00:00:00,27185.0,9015.0,36200.0,16295.0,7280.0
2018-03-15 00:00:00,10163.0,8360.0,18523.0,14954.0,6594.0
2018-03-16 00:00:00,15991.0,7603.0,23594.0,13406.0,5803.0
2018-03-17 00:00:00,7269.0,2442.0,9711.0,9329.0,6887.0
2018-03-18 00:00:00,7001.0,2831.0,9832.0,10386.0,7555.0
2018-03-19 00:00:00,4650.0,5315.0,9965.0,16485.0,11170.0
2018-03-20 00:00:00,13700.0,13600.0,27300.0,19093.0,5493.0
2018-03-21 00:00:00,7847.0,7048.0,14895.0,13171.0,6123.0
2018-03-22 00:00:00,14671.0,7155.0,21826.0,13878.0,6723.0
2018-03-23 00:00:00,21193.0,9151.0,30344.0,15275.0,6124.0
2018-03-24 00:00:00,30551.0,12156.0,42707.0,18623.0,6467.0
2018-03-25 00:00:00,27060.0,11706.0,38766.0,18232.0,6526.0
2018-03-26 00:00:00,7307.0,6897.0,14204.0,15638.0,8741.0
2018-03-27 00:00:00,11484.0,12327.0,23811.0,18384.0,6057.0
2018-03-28 00:00:00,5052.0,3774.0,8826.0,12445.0,8671.0
2018-03-29 00:00:00,6768.0,5417.0,12185.0,17067.0,11650.0
2018-03-30 00:00:00,14495.0,9888.0,24383.0,14455.0,4567.0
2018-03-31 00:00:00,5625.0,1829.0,7454.0,8508.0,6679.0
2018-04-01 00:00:00,10596.0,3751.0,14347.0,8166.0,4415.0
2018-04-02 00:00:00,23672.0,3749.0,27421.0,8718.0,4969.0
2018-04-03 00:00:00,17272.0,11936.0,29208.0,16369.0,4433.0
2018-04-04 00:00:00,11067.0,8213.0,19280.0,15715.0,7502.0
2018-04-05 00:00:00,19833.0,9782.0,29615.0,16465.0,6683.0
2018-04-06 00:00:00,38187.0,8981.0,47168.0,14971.0,5990.0
2018-04-07 00:00:00,33457.0,10288.0,43745.0,16400.0,6112.0
2018-04-08 00:00:00,23289.0,12369.0,35658.0,18607.0,6238.0
2018-04-09 00:00:00,19864.0,8357.0,28221.0,15720.0,7363.0
2018-04-10 00:00:00,14950.0,12682.0,27632.0,19006.0,6324.0
2018-04-11 00:00:00,23607.0,9824.0,33431.0,16424.0,6600.0
2018-04-12 00:00:00,33909.0,8578.0,42487.0,14308.0,5730.0
2018-04-13 00:00:00,14769.0,10273.0,25042.0,17784.0,7511.0
2018-04-14 00:00:00,23392.0,12929.0,36321.0,18786.0,5857.0
2018-04-15 00:00:00,17385.0,10520.0,27905.0,18464.0,7944.0
2018-04-16 00:00:00,9657.0,10552.0,20209.0,18457.0,7905.0
2018-04-17 00:00:00,33339.0,14072.0,47411.0,19653.0,5581.0
2018-04-18 00:00:00,36764.0,10637.0,47401.0,16604.0,5967.0
2018-04-19 00:00:00,35891.0,10178.0,46069.0,15724.0,5546.0
2018-04-20 00:00:00,36449.0,9810.0,46259.0,15920.0,6110.0
2018-04-21 00:00:00,33001.0,12608.0,45609.0,18411.0,5803.0
2018-04-22 00:00:00,31973.0,10767.0,42740.0,16084.0,5317.0
2018-04-23 00:00:00,17372.0,7293.0,24665.0,14463.0,7170.0
2018-04-24 00:00:00,33824.0,14223.0,48047.0,19891.0,5668.0
2018-04-25 00:00:00,35692.0,9732.0,45424.0,15740.0,6008.0
2018-04-26 00:00:00,10407.0,7653.0,18060.0,14509.0,6856.0
2018-04-27 00:00:00,34764.0,11270.0,46034.0,16733.0,5463.0
2018-04-28 00:00:00,36340.0,5847.0,42187.0,10168.0,4321.0
2018-04-29 00:00:00,31973.0,4077.0,36050.0,9730.0,5653.0
2018-04-30 00:00:00,12777.0,7308.0,20085.0,14302.0,6994.0
2018-05-01 00:00:00,9949.0,10604.0,20553.0,17104.0,6500.0
2018-05-02 00:00:00,10250.0,8090.0,18340.0,15910.0,7820.0
2018-05-03 00:00:00,9248.0,4337.0,13585.0,12987.0,8650.0
2018-05-04 00:00:00,12382.0,7125.0,19507.0,16113.0,8988.0
2018-05-05 00:00:00,33028.0,9165.0,42193.0,16343.0,7178.0
2018-05-06 00:00:00,35707.0,6119.0,41826.0,11255.0,5136.0
2018-05-07 00:00:00,35184.0,6020.0,41204.0,11468.0,5448.0
2018-05-08 00:00:00,34903.0,11812.0,46715.0,17636.0,5824.0
2018-05-09 00:00:00,28098.0,7056.0,35154.0,12536.0,5480.0
2018-05-10 00:00:00,3823.0,3737.0,7560.0,10332.0,6595.0
2018-05-11 00:00:00,41095.0,9305.0,50400.0,18663.0,9358.0
2018-05-12 00:00:00,37910.0,7563.0,45473.0,13209.0,5646.0
2018-05-13 00:00:00,7837.0,8125.0,15962.0,14686.0,6561.0
2018-05-14 00:00:00,9954.0,4411.0,14365.0,11741.0,7330.0
2018-05-15 00:00:00,8767.0,5346.0,14113.0,12839.0,7493.0
2018-05-16 00:00:00,8608.0,5432.0,14040.0,13251.0,7819.0
2018-05-17 00:00:00,10678.0,7923.0,18601.0,16119.0,8196.0
2018-05-18 00:00:00,40481.0,12502.0,52983.0,18399.0,5897.0
2018-05-19 00:00:00,28813.0,8765.0,37578.0,15416.0,6651.0
2018-05-20 00:00:00,18955.0,8635.0,27590.0,13475.0,4840.0
2018-05-21 00:00:00,32092.0,6481.0,38573.0,11805.0,5324.0
2018-05-22 00:00:00,22856.0,14319.0,37175.0,22793.0,8474.0
2018-05-23 00:00:00,29104.0,11690.0,40794.0,17205.0,5515.0
2018-05-24 00:00:00,42703.0,9050.0,51753.0,14342.0,5292.0
2018-05-25 00:00:00,38348.0,10895.0,49243.0,16761.0,5866.0
2018-05-26 00:00:00,35658.0,7573.0,43231.0,14663.0,7090.0
2018-05-27 00:00:00,32433.0,8913.0,41346.0,14505.0,5592.0
2018-05-28 00:00:00,34249.0,9482.0,43731.0,14767.0,5285.0
2018-05-29 00:00:00,23729.0,10111.0,33840.0,15850.0,5739.0
2018-05-30 00:00:00,29279.0,9538.0,38817.0,14430.0,4892.0
2018-05-31 00:00:00,31792.0,9433.0,41225.0,15231.0,5798.0
2018-06-01 00:00:00,34292.0,7568.0,41860.0,12565.0,4997.0
2018-06-02 00:00:00,38801.0,10100.0,48901.0,14982.0,4882.0
2018-06-03 00:00:00,28277.0,9998.0,38275.0,14942.0,4944.0
2018-06-04 00:00:00,19520.0,6815.0,26335.0,12518.0,5703.0
2018-06-05 00:00:00,33672.0,9651.0,43323.0,15540.0,5889.0
2018-06-06 00:00:00,35247.0,8564.0,43811.0,13603.0,5039.0
2018-06-07 00:00:00,32637.0,8939.0,41576.0,14112.0,5173.0
2018-06-08 00:00:00,18778.0,5855.0,24633.0,11760.0,5905.0
2018-06-09 00:00:00,32651.0,10058.0,42709.0,15654.0,5596.0
2018-06-10 00:00:00,31869.0,9984.0,41853.0,15315.0,5331.0
2018-06-11 00:00:00,14083.0,8629.0,22712.0,13626.0,4997.0
2018-06-12 00:00:00,10229.0,5057.0,15286.0,8030.0,2973.0
2018-06-13 00:00:00,5462.0,3423.0,8885.0,15002.0,11579.0
2018-06-14 00:00:00,33119.0,10528.0,43647.0,18683.0,8155.0
2018-06-15 00:00:00,42362.0,8022.0,50384.0,12234.0,4212.0
2018-06-16 00:00:00,38946.0,10309.0,49255.0,14671.0,4362.0
2018-06-17 00:00:00,20185.0,10089.0,30274.0,15439.0,5350.0
2018-06-18 00:00:00,40285.0,7723.0,48008.0,12465.0,4742.0
2018-06-19 00:00:00,39903.0,10370.0,50273.0,15519.0,5149.0
2018-06-20 00:00:00,42381.0,7201.0,49582.0,11322.0,4121.0
2018-06-21 00:00:00,35521.0,8644.0,44165.0,13283.0,4639.0
2018-06-22 00:00:00,35465.0,9335.0,44800.0,14218.0,4883.0
2018-06-23 00:00:00,42752.0,9504.0,52256.0,13216.0,3712.0
2018-06-24 00:00:00,20944.0,10449.0,31393.0,14893.0,4444.0
2018-06-25 00:00:00,42168.0,9527.0,51695.0,14218.0,4691.0
2018-06-26 00:00:00,36667.0,10468.0,47135.0,14800.0,4332.0
2018-06-27 00:00:00,34975.0,10782.0,45757.0,15071.0,4289.0
2018-06-28 00:00:00,19468.0,7466.0,26934.0,11986.0,4520.0
2018-06-29 00:00:00,41625.0,6772.0,48397.0,11905.0,5133.0
2018-06-30 00:00:00,34856.0,11916.0,46772.0,16845.0,4929.0
2018-07-01 00:00:00,41260.0,7832.0,49092.0,11772.0,3940.0
2018-07-02 00:00:00,37168.0,8439.0,45607.0,14919.0,6480.0
2018-07-03 00:00:00,20034.0,9624.0,29658.0,14882.0,5258.0
2018-07-04 00:00:00,37352.0,11130.0,48482.0,15730.0,4600.0
2018-07-05 00:00:00,10787.0,6869.0,17656.0,11589.0,4720.0
2018-07-06 00:00:00,10214.0,7930.0,18144.0,10587.0,2657.0
2018-07-07 00:00:00,40939.0,9171.0,50110.0,14726.0,5555.0
2018-07-08 00:00:00,35251.0,10571.0,45822.0,14678.0,4107.0
2018-07-09 00:00:00,37963.0,8871.0,46834.0,13269.0,4398.0
2018-07-10 00:00:00,20374.0,10362.0,30736.0,15367.0,5005.0
2018-07-11 00:00:00,40125.0,9914.0,50039.0,14751.0,4837.0
2018-07-12 00:00:00,40689.0,9264.0,49953.0,13417.0,4153.0
2018-07-13 00:00:00,38157.0,9551.0,47708.0,14312.0,4761.0
2018-07-14 00:00:00,29616.0,6547.0,36163.0,10391.0,3844.0
2018-07-15 00:00:00,31010.0,6531.0,37541.0,12489.0,5958.0
2018-07-16 00:00:00,35432.0,11766.0,47198.0,17183.0,5417.0
2018-07-17 00:00:00,27393.0,11105.0,38498.0,16371.0,5266.0
2018-07-18 00:00:00,34005.0,15073.0,49078.0,20552.0,5479.0
2018-07-19 00:00:00,35298.0,11648.0,46946.0,19236.0,7588.0
2018-07-20 00:00:00,13156.0,12677.0,25833.0,18443.0,5766.0
2018-07-21 00:00:00,13003.0,3916.0,16919.0,10107.0,6191.0
2018-07-22 00:00:00,15838.0,3881.0,19719.0,11317.0,7436.0
2018-07-23 00:00:00,33537.0,4350.0,37887.0,7051.0,2701.0
2018-07-24 00:00:00,41662.0,5231.0,46893.0,6679.0,1448.0
2018-07-25 00:00:00,43336.0,4794.0,48130.0,8144.0,3350.0
2018-07-26 00:00:00,42389.0,4820.0,47209.0,6293.0,1473.0
2018-07-27 00:00:00,43180.0,4797.0,47977.0,8052.0,3255.0
2018-07-28 00:00:00,12835.0,3961.0,16796.0,5847.0,1886.0
2018-07-29 00:00:00,42755.0,4355.0,47110.0,7784.0,3429.0
2018-07-30 00:00:00,40242.0,4508.0,44750.0,7546.0,3038.0
2018-07-31 00:00:00,40679.0,4963.0,45642.0,7553.0,2590.0
2018-08-01 00:00:00,24189.0,4187.0,28376.0,5964.0,1777.0
2018-08-02 00:00:00,39240.0,4779.0,44019.0,7895.0,3116.0
2018-08-03 00:00:00,38494.0,5411.0,43905.0,6934.0,1523.0
2018-08-04 00:00:00,32185.0,2580.0,34765.0,5893.0,3313.0
2018-08-05 00:00:00,28728.0,11150.0,39878.0,21450.0,10300.0
2018-08-06 00:00:00,26737.0,6270.0,33007.0,10284.0,4014.0
2018-08-07 00:00:00,17899.0,11062.0,28961.0,16533.0,5471.0
2018-08-08 00:00:00,21119.0,8680.0,29799.0,14022.0,5342.0
2018-08-09 00:00:00,21097.0,8069.0,29166.0,13610.0,5541.0
2018-08-10 00:00:00,30047.0,6101.0,36148.0,11383.0,5282.0
2018-08-11 00:00:00,36103.0,8994.0,45097.0,13562.0,4568.0
2018-08-12 00:00:00,36366.0,8967.0,45333.0,13747.0,4780.0
2018-08-13 00:00:00,14432.0,6970.0,21402.0,13434.0,6464.0
2018-08-14 00:00:00,13327.0,10007.0,23334.0,15535.0,5528.0
2018-08-15 00:00:00,33666.0,6480.0,40146.0,12069.0,5589.0
2018-08-16 00:00:00,36024.0,7964.0,43988.0,13332.0,5368.0
2018-08-17 00:00:00,17029.0,6035.0,23064.0,12080.0,6045.0
2018-08-18 00:00:00,17978.0,9662.0,27640.0,16047.0,6385.0
2018-08-19 00:00:00,28915.0,8442.0,37357.0,13312.0,4870.0
2018-08-20 00:00:00,31785.0,7381.0,39166.0,12855.0,5474.0
2018-08-21 00:00:00,30439.0,9787.0,40226.0,14835.0,5048.0
2018-08-22 00:00:00,32246.0,8687.0,40933.0,14741.0,6054.0
2018-08-23 00:00:00,32732.0,6812.0,39544.0,11853.0,5041.0
2018-08-24 00:00:00,15136.0,5400.0,20536.0,11927.0,6527.0
2018-08-25 00:00:00,3612.0,2743.0,6355.0,8637.0,5894.0
2018-08-26 00:00:00,37129.0,7311.0,44440.0,15379.0,8068.0
2018-08-27 00:00:00,30890.0,5614.0,36504.0,11433.0,5819.0
2018-08-28 00:00:00,31202.0,8295.0,39497.0,12742.0,4447.0
2018-08-29 00:00:00,17555.0,7025.0,24580.0,13421.0,6396.0
2018-08-30 00:00:00,9067.0,6299.0,15366.0,13477.0,7178.0
2018-08-31 00:00:00,762.0,2395.0,3157.0,11158.0,8763.0
2018-09-01 00:00:00,5814.0,2158.0,7972.0,9194.0,7036.0
2018-09-02 00:00:00,8237.0,2408.0,10645.0,10159.0,7751.0
2018-09-03 00:00:00,17685.0,7210.0,24895.0,15316.0,8106.0
2018-09-04 00:00:00,29737.0,10702.0,40439.0,16519.0,5817.0
2018-09-05 00:00:00,29522.0,9804.0,39326.0,15667.0,5863.0
2018-09-06 00:00:00,22348.0,6332.0,28680.0,12624.0,6292.0
2018-09-07 00:00:00,14510.0,6431.0,20941.0,13357.0,6926.0
2018-09-08 00:00:00,31576.0,9456.0,41032.0,14508.0,5052.0
2018-09-09 00:00:00,30874.0,8940.0,39814.0,14650.0,5710.0
2018-09-10 00:00:00,26403.0,7361.0,33764.0,13572.0,6211.0
2018-09-11 00:00:00,28289.0,10189.0,38478.0,16570.0,6381.0
2018-09-12 00:00:00,30611.0,5601.0,36212.0,10948.0,5347.0
2018-09-13 00:00:00,21713.0,7576.0,29289.0,14693.0,7117.0
2018-09-14 00:00:00,22987.0,7147.0,30134.0,12476.0,5329.0
2018-09-15 00:00:00,28614.0,6137.0,34751.0,11526.0,5389.0
2018-09-16 00:00:00,16084.0,4295.0,20379.0,9340.0,5045.0
2018-09-17 00:00:00,30404.0,6703.0,37107.0,12216.0,5513.0
2018-09-18 00:00:00,21161.0,9003.0,30164.0,15268.0,6265.0
2018-09-19 00:00:00,26369.0,8921.0,35290.0,14806.0,5885.0
2018-09-20 00:00:00,29512.0,6495.0,36007.0,11817.0,5322.0
2018-09-21 00:00:00,11868.0,5444.0,17312.0,11618.0,6174.0
2018-09-22 00:00:00,21294.0,11630.0,32924.0,18777.0,7147.0
2018-09-23 00:00:00,11262.0,6551.0,17813.0,14235.0,7684.0
2018-09-24 00:00:00,25090.0,6518.0,31608.0,13185.0,6667.0
2018-09-25 00:00:00,29522.0,9762.0,39284.0,15788.0,6026.0
2018-09-26 00:00:00,27246.0,9154.0,36400.0,17266.0,8112.0
2018-09-27 00:00:00,30055.0,6652.0,36707.0,13228.0,6576.0
2018-09-28 00:00:00,28683.0,6313.0,34996.0,13062.0,6749.0
2018-09-29 00:00:00,13915.0,9000.0,22915.0,15702.0,6702.0
2018-09-30 00:00:00,20589.0,8706.0,29295.0,17553.0,8847.0
2018-10-01 00:00:00,6055.0,2678.0,8733.0,12404.0,9726.0
2018-10-02 00:00:00,10603.0,8575.0,19178.0,19334.0,10759.0
2018-10-03 00:00:00,11301.0,8414.0,19715.0,15696.0,7282.0
2018-10-04 00:00:00,27514.0,7229.0,34743.0,14656.0,7427.0
2018-10-05 00:00:00,26555.0,7177.0,33732.0,13992.0,6815.0
2018-10-06 00:00:00,13822.0,9811.0,23633.0,18515.0,8704.0
2018-10-07 00:00:00,18298.0,12697.0,30995.0,22120.0,9423.0
2018-10-08 00:00:00,12139.0,8390.0,20529.0,16323.0,7933.0
2018-10-09 00:00:00,15228.0,6921.0,22149.0,14753.0,7832.0
2018-10-10 00:00:00,22496.0,10082.0,32578.0,17775.0,7693.0
2018-10-11 00:00:00,6162.0,6545.0,12707.0,13386.0,6841.0
2018-10-12 00:00:00,21066.0,8832.0,29898.0,16496.0,7664.0
2018-10-13 00:00:00,20730.0,10120.0,30850.0,16589.0,6469.0
2018-10-14 00:00:00,19782.0,9598.0,29380.0,16991.0,7393.0
2018-10-15 00:00:00,21236.0,8339.0,29575.0,16177.0,7838.0
2018-10-16 00:00:00,17815.0,11530.0,29345.0,18593.0,7063.0
2018-10-17 00:00:00,19045.0,7742.0,26787.0,15328.0,7586.0
2018-10-18 00:00:00,15054.0,7960.0,23014.0,16130.0,8170.0
2018-10-19 00:00:00,9198.0,8849.0,18047.0,16866.0,8017.0
2018-10-20 00:00:00,14741.0,10184.0,24925.0,19371.0,9187.0
2018-10-21 00:00:00,5752.0,9180.0,14932.0,18786.0,9606.0
2018-10-22 00:00:00,22860.0,7094.0,29954.0,15941.0,8847.0
2018-10-23 00:00:00,9601.0,10291.0,19892.0,18681.0,8390.0
2018-10-24 00:00:00,7117.0,8996.0,16113.0,18087.0,9091.0
2018-10-25 00:00:00,21328.0,6673.0,28001.0,14468.0,7795.0
2018-10-26 00:00:00,14883.0,8191.0,23074.0,16477.0,8286.0
2018-10-27 00:00:00,455.0,1715.0,2170.0,11323.0,9608.0
2018-10-28 00:00:00,360.0,1402.0,1762.0,15048.0,13646.0
2018-10-29 00:00:00,512.0,1462.0,1974.0,15203.0,13741.0
2018-10-30 00:00:00,1047.0,2602.0,3649.0,15618.0,13016.0
2018-10-31 00:00:00,4909.0,6026.0,10935.0,21730.0,15704.0
2018-11-01 00:00:00,13433.0,7164.0,20597.0,15472.0,8308.0
2018-11-02 00:00:00,3569.0,2765.0,6334.0,13516.0,10751.0
2018-11-03 00:00:00,7223.0,4077.0,11300.0,8884.0,4807.0
2018-11-04 00:00:00,1281.0,1486.0,2767.0,11102.0,9616.0
2018-11-05 00:00:00,3489.0,6896.0,10385.0,16103.0,9207.0
2018-11-06 00:00:00,3657.0,6510.0,10167.0,16277.0,9767.0
2018-11-07 00:00:00,9981.0,9389.0,19370.0,19928.0,10539.0
2018-11-08 00:00:00,5835.0,3335.0,9170.0,13950.0,10615.0
2018-11-09 00:00:00,5005.0,7745.0,12750.0,14517.0,6772.0
2018-11-10 00:00:00,6292.0,5976.0,12268.0,19259.0,13283.0
2018-11-11 00:00:00,12647.0,8444.0,21091.0,17447.0,9003.0
2018-11-12 00:00:00,13357.0,9296.0,22653.0,16381.0,7085.0
2018-11-13 00:00:00,622.0,1151.0,1773.0,17625.0,16474.0
2018-11-14 00:00:00,412.0,1957.0,2369.0,17915.0,15958.0
2018-11-15 00:00:00,455.0,1819.0,2274.0,13982.0,12163.0
2018-11-16 00:00:00,121.0,1216.0,1337.0,14078.0,12862.0
2018-11-17 00:00:00,11121.0,9983.0,21104.0,16714.0,6731.0
2018-11-18 00:00:00,1435.0,2125.0,3560.0,24196.0,22071.0
2018-11-19 00:00:00,656.0,1394.0,2050.0,13940.0,12546.0
2018-11-20 00:00:00,1759.0,2529.0,4288.0,17068.0,14539.0
2018-11-21 00:00:00,544.0,2597.0,3141.0,18669.0,16072.0
2018-11-22 00:00:00,1979.0,2093.0,4072.0,14452.0,12359.0
2018-11-23 00:00:00,825.0,1285.0,2110.0,13211.0,11926.0
2018-11-24 00:00:00,8990.0,10442.0,19432.0,17950.0,7508.0
2018-11-25 00:00:00,459.0,1783.0,2242.0,16823.0,15040.0
2018-11-26 00:00:00,89.0,887.0,976.0,15210.0,14323.0
2018-11-27 00:00:00,133.0,1262.0,1395.0,17274.0,16012.0
2018-11-28 00:00:00,2512.0,3156.0,5668.0,17687.0,14531.0
2018-11-29 00:00:00,3949.0,2208.0,6157.0,14912.0,12704.0
2018-11-30 00:00:00,470.0,1673.0,2143.0,15642.0,13969.0
2018-12-01 00:00:00,5663.0,6415.0,12078.0,21156.0,14741.0
2018-12-02 00:00:00,0.0,957.0,957.0,24215.0,23258.0
2018-12-03 00:00:00,1438.0,1967.0,3405.0,14876.0,12909.0
2018-12-04 00:00:00,1334.0,1774.0,3108.0,17564.0,15790.0
2018-12-05 00:00:00,1123.0,2678.0,3801.0,19742.0,17064.0
2018-12-06 00:00:00,3101.0,2793.0,5894.0,13544.0,10751.0
2018-12-07 00:00:00,3599.0,5707.0,9306.0,16246.0,10539.0
2018-12-08 00:00:00,2322.0,2176.0,4498.0,16981.0,14805.0
2018-12-09 00:00:00,1764.0,1972.0,3736.0,17987.0,16015.0
2018-12-10 00:00:00,1590.0,1579.0,3169.0,15728.0,14149.0
2018-12-11 00:00:00,3490.0,5199.0,8689.0,18190.0,12991.0
2018-12-12 00:00:00,7209.0,9254.0,16463.0,19816.0,10562.0
2018-12-13 00:00:00,5153.0,9826.0,14979.0,17072.0,7246.0
2018-12-14 00:00:00,2786.0,1691.0,4477.0,15043.0,13352.0
2018-12-15 00:00:00,1265.0,2980.0,4245.0,20090.0,17110.0
2018-12-16 00:00:00,1734.0,2489.0,4223.0,22221.0,19732.0
2018-12-17 00:00:00,1772.0,1520.0,3292.0,16186.0,14666.0
2018-12-18 00:00:00,497.0,2681.0,3178.0,20686.0,18005.0
2018-12-19 00:00:00,894.0,2116.0,3010.0,17221.0,15105.0
2018-12-20 00:00:00,3983.0,6159.0,10142.0,17510.0,11351.0
2018-12-21 00:00:00,0.0,279.0,279.0,14584.0,14305.0
2018-12-22 00:00:00,179.0,1495.0,1674.0,20958.0,19463.0
2018-12-23 00:00:00,0.0,712.0,712.0,25437.0,24725.0
2018-12-24 00:00:00,46.0,1504.0,1550.0,23971.0,22467.0
2018-12-25 00:00:00,429.0,2339.0,2768.0,21329.0,18990.0
2018-12-26 00:00:00,2646.0,1310.0,3956.0,13318.0,12008.0
2018-12-27 00:00:00,2142.0,1303.0,3445.0,8910.0,7607.0
2018-12-28 00:00:00,3117.0,1469.0,4586.0,8550.0,7081.0
2018-12-29 00:00:00,380.0,958.0,1338.0,8172.0,7214.0
2018-12-30 00:00:00,1531.0,1172.0,2703.0,9556.0,8384.0
2018-12-31 00:00:00,1149.0,1879.0,3028.0,22081.0,20202.0
2019-01-01 00:00:00,678.0,1983.0,2661.0,19714.0,17731.0
2019-01-02 00:00:00,3078.0,3748.0,6826.0,16359.0,12611.0
2019-01-03 00:00:00,2821.0,6741.0,9562.0,18173.0,11432.0
2019-01-04 00:00:00,6018.0,8709.0,14727.0,18401.0,9692.0
2019-01-05 00:00:00,0.0,68.0,68.0,18796.0,18728.0
2019-01-06 00:00:00,1044.0,2240.0,3284.0,18027.0,15787.0
2019-01-07 00:00:00,1284.0,1229.0,2513.0,15960.0,14731.0
2019-01-08 00:00:00,236.0,770.0,1006.0,16752.0,15982.0
2019-01-09 00:00:00,432.0,1695.0,2127.0,22151.0,20456.0
2019-01-10 00:00:00,0.0,210.0,210.0,13992.0,13782.0
2019-01-11 00:00:00,1653.0,1067.0,2720.0,13916.0,12849.0
2019-01-12 00:00:00,735.0,1323.0,2058.0,17714.0,16391.0
2019-01-13 00:00:00,0.0,260.0,260.0,20857.0,20597.0
2019-01-14 00:00:00,1639.0,1568.0,3207.0,13941.0,12373.0
2019-01-15 00:00:00,4761.0,11257.0,16018.0,20688.0,9431.0
2019-01-16 00:00:00,9389.0,10858.0,20247.0,19696.0,8838.0
2019-01-17 00:00:00,29.0,944.0,973.0,14983.0,14039.0
2019-01-18 00:00:00,4432.0,7472.0,11904.0,17527.0,10055.0
2019-01-19 00:00:00,6253.0,14804.0,21057.0,23155.0,8351.0
2019-01-20 00:00:00,3087.0,4319.0,7406.0,21611.0,17292.0
2019-01-21 00:00:00,7075.0,7165.0,14240.0,19479.0,12314.0
2019-01-22 00:00:00,1164.0,1962.0,3126.0,18106.0,16144.0
2019-01-23 00:00:00,9974.0,5679.0,15653.0,15547.0,9868.0
2019-01-24 00:00:00,1319.0,1366.0,2685.0,15656.0,14290.0
2019-01-25 00:00:00,14618.0,8399.0,23017.0,15118.0,6719.0
2019-01-26 00:00:00,2449.0,3733.0,6182.0,18545.0,14812.0
2019-01-27 00:00:00,4843.0,5933.0,10776.0,22734.0,16801.0
2019-01-28 00:00:00,1916.0,1818.0,3734.0,18424.0,16606.0
2019-01-29 00:00:00,5700.0,11208.0,16908.0,20326.0,9118.0
2019-01-30 00:00:00,6218.0,7905.0,14123.0,17924.0,10019.0
2019-01-31 00:00:00,6523.0,5960.0,12483.0,16099.0,10139.0
2019-02-01 00:00:00,479.0,2054.0,2533.0,14914.0,12860.0
2019-02-02 00:00:00,5729.0,4605.0,10334.0,17135.0,12530.0
2019-02-03 00:00:00,1505.0,2053.0,3558.0,19119.0,17066.0
2019-02-04 00:00:00,4844.0,4095.0,8939.0,21660.0,17565.0
2019-02-05 00:00:00,5057.0,2712.0,7769.0,17149.0,14437.0
2019-02-06 00:00:00,4115.0,3615.0,7730.0,20173.0,16558.0
2019-02-07 00:00:00,2227.0,2300.0,4527.0,14224.0,11924.0
2019-02-08 00:00:00,7872.0,11110.0,18982.0,18456.0,7346.0
2019-02-09 00:00:00,5683.0,9727.0,15410.0,20807.0,11080.0
2019-02-10 00:00:00,4898.0,2984.0,7882.0,10029.0,7045.0
2019-02-11 00:00:00,9626.0,3944.0,13570.0,9666.0,5722.0
2019-02-12 00:00:00,10656.0,5213.0,15869.0,9652.0,4439.0
2019-02-13 00:00:00,22619.0,5582.0,28201.0,10016.0,4434.0
2019-02-14 00:00:00,26213.0,3040.0,29253.0,11691.0,8651.0
2019-02-15 00:00:00,24382.0,5110.0,29492.0,9386.0,4276.0
2019-02-16 00:00:00,25766.0,5217.0,30983.0,9929.0,4712.0
2019-02-17 00:00:00,17316.0,13708.0,31024.0,25855.0,12147.0
2019-02-18 00:00:00,19342.0,11178.0,30520.0,19301.0,8123.0
2019-02-19 00:00:00,13506.0,13549.0,27055.0,20248.0,6699.0
2019-02-20 00:00:00,16007.0,10348.0,26355.0,21132.0,10784.0
2019-02-21 00:00:00,20445.0,8874.0,29319.0,16386.0,7512.0
2019-02-22 00:00:00,6196.0,7146.0,13342.0,16542.0,9396.0
2019-02-23 00:00:00,14122.0,15531.0,29653.0,20171.0,4640.0
2019-02-24 00:00:00,23739.0,9537.0,33276.0,21052.0,11515.0
2019-02-25 00:00:00,23303.0,9575.0,32878.0,16910.0,7335.0
2019-02-26 00:00:00,19787.0,12050.0,31837.0,17805.0,5755.0
2019-02-27 00:00:00,20365.0,11853.0,32218.0,18946.0,7093.0
2019-02-28 00:00:00,21826.0,9368.0,31194.0,15103.0,5735.0
2019-03-01 00:00:00,912.0,1295.0,2207.0,13169.0,11874.0
2019-03-02 00:00:00,7968.0,10861.0,18829.0,25161.0,14300.0
2019-03-03 00:00:00,10125.0,12422.0,22547.0,25837.0,13415.0
2019-03-04 00:00:00,6735.0,5248.0,11983.0,14067.0,8819.0
2019-03-05 00:00:00,13013.0,13625.0,26638.0,20321.0,6696.0
2019-03-06 00:00:00,12751.0,7745.0,20496.0,17529.0,9784.0
2019-03-07 00:00:00,17358.0,6544.0,23902.0,13407.0,6863.0
2019-03-08 00:00:00,5819.0,6244.0,12063.0,13177.0,6933.0
2019-03-09 00:00:00,2996.0,1913.0,4909.0,8508.0,6595.0
2019-03-10 00:00:00,11482.0,4572.0,16054.0,8913.0,4341.0
2019-03-11 00:00:00,4643.0,3841.0,8484.0,15080.0,11239.0
2019-03-12 00:00:00,12304.0,11520.0,23824.0,16103.0,4583.0
2019-03-13 00:00:00,12729.0,9020.0,21749.0,19209.0,10189.0
2019-03-14 00:00:00,3081.0,2008.0,5089.0,13148.0,11140.0
2019-03-15 00:00:00,212.0,1306.0,1518.0,13887.0,12581.0
2019-03-16 00:00:00,31112.0,9902.0,41014.0,15901.0,5999.0
2019-03-17 00:00:00,6009.0,6611.0,12620.0,22638.0,16027.0
2019-03-18 00:00:00,7424.0,6001.0,13425.0,14523.0,8522.0
2019-03-19 00:00:00,12759.0,13052.0,25811.0,19117.0,6065.0
2019-03-20 00:00:00,30665.0,11260.0,41925.0,17338.0,6078.0
2019-03-21 00:00:00,31250.0,10508.0,41758.0,16698.0,6190.0
2019-03-22 00:00:00,27609.0,12830.0,40439.0,19089.0,6259.0
2019-03-23 00:00:00,30412.0,10946.0,41358.0,16522.0,5576.0
2019-03-24 00:00:00,27364.0,12159.0,39523.0,18268.0,6109.0
2019-03-25 00:00:00,17053.0,9511.0,26564.0,15398.0,5887.0
2019-03-26 00:00:00,21449.0,12495.0,33944.0,17223.0,4728.0
2019-03-27 00:00:00,27897.0,10208.0,38105.0,17102.0,6894.0
2019-03-28 00:00:00,34766.0,9013.0,43779.0,15935.0,6922.0
2019-03-29 00:00:00,34236.0,8210.0,42446.0,14045.0,5835.0
2019-03-30 00:00:00,28188.0,14288.0,42476.0,19789.0,5501.0
2019-03-31 00:00:00,31037.0,11417.0,42454.0,16373.0,4956.0
2019-04-01 00:00:00,30214.0,9731.0,39945.0,16540.0,6809.0
2019-04-02 00:00:00,18939.0,10950.0,29889.0,16547.0,5597.0
2019-04-03 00:00:00,18464.0,8888.0,27352.0,17075.0,8187.0
2019-04-04 00:00:00,1107.0,1876.0,2983.0,9133.0,7257.0
2019-04-05 00:00:00,16018.0,8656.0,24674.0,20380.0,11724.0
2019-04-06 00:00:00,16967.0,13270.0,30237.0,20936.0,7666.0
2019-04-07 00:00:00,15441.0,14039.0,29480.0,21293.0,7254.0
2019-04-08 00:00:00,12823.0,11228.0,24051.0,17347.0,6119.0
2019-04-09 00:00:00,22122.0,12730.0,34852.0,18723.0,5993.0
2019-04-10 00:00:00,5575.0,6742.0,12317.0,16084.0,9342.0
2019-04-11 00:00:00,11016.0,7384.0,18400.0,17256.0,9872.0
2019-04-12 00:00:00,13659.0,7376.0,21035.0,13963.0,6587.0
2019-04-13 00:00:00,13898.0,9684.0,23582.0,16094.0,6410.0
2019-04-14 00:00:00,1943.0,3432.0,5375.0,12275.0,8843.0
2019-04-15 00:00:00,30167.0,10810.0,40977.0,23785.0,12975.0
2019-04-16 00:00:00,19110.0,12132.0,31242.0,17386.0,5254.0
2019-04-17 00:00:00,26763.0,14280.0,41043.0,22293.0,8013.0
2019-04-18 00:00:00,34019.0,10297.0,44316.0,15924.0,5627.0
2019-04-19 00:00:00,28522.0,11089.0,39611.0,17295.0,6206.0
2019-04-20 00:00:00,40657.0,5710.0,46367.0,10283.0,4573.0
2019-04-21 00:00:00,35108.0,5639.0,40747.0,10114.0,4475.0
2019-04-22 00:00:00,26801.0,6017.0,32818.0,9339.0,3322.0
2019-04-23 00:00:00,24247.0,15910.0,40157.0,21975.0,6065.0
2019-04-24 00:00:00,30278.0,7825.0,38103.0,13102.0,5277.0
2019-04-25 00:00:00,18963.0,11202.0,30165.0,17140.0,5938.0
2019-04-26 00:00:00,6333.0,3182.0,9515.0,8693.0,5511.0
2019-04-27 00:00:00,8071.0,7379.0,15450.0,17247.0,9868.0
2019-04-28 00:00:00,16579.0,11798.0,28377.0,21576.0,9778.0
2019-04-29 00:00:00,8311.0,8097.0,16408.0,13910.0,5813.0
2019-04-30 00:00:00,13993.0,7875.0,21868.0,13353.0,5478.0
2019-05-01 00:00:00,40298.0,11066.0,51364.0,19517.0,8451.0
2019-05-02 00:00:00,8562.0,11687.0,20249.0,18424.0,6737.0
2019-05-03 00:00:00,17689.0,8527.0,26216.0,14810.0,6283.0
2019-05-04 00:00:00,7138.0,5790.0,12928.0,14744.0,8954.0
2019-05-05 00:00:00,11351.0,10764.0,22115.0,22222.0,11458.0
2019-05-06 00:00:00,17750.0,9308.0,27058.0,15580.0,6272.0
2019-05-07 00:00:00,30725.0,13137.0,43862.0,20093.0,6956.0
2019-05-08 00:00:00,6108.0,4720.0,10828.0,12456.0,7736.0
2019-05-09 00:00:00,29129.0,10059.0,39188.0,19310.0,9251.0
2019-05-10 00:00:00,21521.0,9047.0,30568.0,15293.0,6246.0
2019-05-11 00:00:00,6532.0,7714.0,14246.0,14434.0,6720.0
2019-05-12 00:00:00,22020.0,9524.0,31544.0,17453.0,7929.0
2019-05-13 00:00:00,31321.0,8734.0,40055.0,15829.0,7095.0
2019-05-14 00:00:00,29573.0,14745.0,44318.0,20404.0,5659.0
2019-05-15 00:00:00,16285.0,9537.0,25822.0,16150.0,6613.0
2019-05-16 00:00:00,36035.0,10206.0,46241.0,15671.0,5465.0
2019-05-17 00:00:00,29434.0,9638.0,39072.0,15749.0,6111.0
2019-05-18 00:00:00,16737.0,11193.0,27930.0,16828.0,5635.0
2019-05-19 00:00:00,12169.0,10460.0,22629.0,16756.0,6296.0
2019-05-20 00:00:00,2015.0,1887.0,3902.0,9464.0,7577.0
2019-05-21 00:00:00,6261.0,3597.0,9858.0,13917.0,10320.0
2019-05-22 00:00:00,30057.0,16008.0,46065.0,29133.0,13125.0
2019-05-23 00:00:00,41147.0,10381.0,51528.0,15580.0,5199.0
2019-05-24 00:00:00,33923.0,9728.0,43651.0,15028.0,5300.0
2019-05-25 00:00:00,10956.0,9456.0,20412.0,16221.0,6765.0
2019-05-26 00:00:00,26536.0,11143.0,37679.0,16900.0,5757.0
2019-05-27 00:00:00,27581.0,9994.0,37575.0,15304.0,5310.0
2019-05-28 00:00:00,8266.0,6176.0,14442.0,12163.0,5987.0
2019-05-29 00:00:00,9156.0,11282.0,20438.0,23520.0,12238.0
2019-05-30 00:00:00,35818.0,10270.0,46088.0,37192.0,26922.0
2019-05-31 00:00:00,44768.0,6474.0,51242.0,11169.0,4695.0
2019-06-01 00:00:00,43678.0,6749.0,50427.0,11766.0,5017.0
2019-06-02 00:00:00,38380.0,10856.0,49236.0,16559.0,5703.0
2019-06-03 00:00:00,26163.0,9805.0,35968.0,15172.0,5367.0
2019-06-04 00:00:00,34187.0,12770.0,46957.0,19246.0,6476.0
2019-06-05 00:00:00,28753.0,17226.0,45979.0,24230.0,7004.0
2019-06-06 00:00:00,14086.0,6129.0,20215.0,11494.0,5365.0
2019-06-07 00:00:00,33762.0,11372.0,45134.0,19607.0,8235.0
2019-06-08 00:00:00,44239.0,8643.0,52882.0,13999.0,5356.0
2019-06-09 00:00:00,8721.0,4653.0,13374.0,10893.0,6240.0
2019-06-10 00:00:00,6107.0,4227.0,10334.0,17413.0,13186.0
2019-06-11 00:00:00,6305.0,4186.0,10491.0,13269.0,9083.0
2019-06-12 00:00:00,29327.0,9819.0,39146.0,22717.0,12898.0
2019-06-13 00:00:00,39198.0,10859.0,50057.0,16495.0,5636.0
2019-06-14 00:00:00,26881.0,9517.0,36398.0,14919.0,5402.0
2019-06-15 00:00:00,26873.0,11015.0,37888.0,17873.0,6858.0
2019-06-16 00:00:00,26981.0,10774.0,37755.0,16558.0,5784.0
2019-06-17 00:00:00,40983.0,9371.0,50354.0,15153.0,5782.0
2019-06-18 00:00:00,20503.0,11760.0,32263.0,17152.0,5392.0
2019-06-19 00:00:00,33750.0,12959.0,46709.0,18909.0,5950.0
2019-06-20 00:00:00,21836.0,9808.0,31644.0,15639.0,5831.0
2019-06-21 00:00:00,20156.0,6808.0,26964.0,12055.0,5247.0
2019-06-22 00:00:00,8498.0,10066.0,18564.0,15922.0,5856.0
2019-06-23 00:00:00,37446.0,11363.0,48809.0,17966.0,6603.0
2019-06-24 00:00:00,38315.0,9528.0,47843.0,14963.0,5435.0
2019-06-25 00:00:00,34133.0,12105.0,46238.0,17466.0,5361.0
2019-06-26 00:00:00,34405.0,11638.0,46043.0,17335.0,5697.0
2019-06-27 00:00:00,35748.0,9816.0,45564.0,15213.0,5397.0
2019-06-28 00:00:00,40891.0,9212.0,50103.0,14407.0,5195.0
2019-06-29 00:00:00,40185.0,8979.0,49164.0,14690.0,5711.0
2019-06-30 00:00:00,34222.0,11865.0,46087.0,17973.0,6108.0
2019-07-01 00:00:00,35042.0,8472.0,43514.0,15231.0,6759.0
2019-07-02 00:00:00,35381.0,10308.0,45689.0,15873.0,5565.0
2019-07-03 00:00:00,32530.0,11703.0,44233.0,17160.0,5457.0
2019-07-04 00:00:00,38759.0,9777.0,48536.0,14933.0,5156.0
2019-07-05 00:00:00,41527.0,7911.0,49438.0,12971.0,5060.0
2019-07-06 00:00:00,19546.0,9478.0,29024.0,15500.0,6022.0
2019-07-07 00:00:00,26333.0,10942.0,37275.0,16682.0,5740.0
2019-07-08 00:00:00,20944.0,7048.0,27992.0,14189.0,7141.0
2019-07-09 00:00:00,24105.0,11521.0,35626.0,16799.0,5278.0
2019-07-10 00:00:00,40279.0,10998.0,51277.0,16510.0,5512.0
2019-07-11 00:00:00,11958.0,7453.0,19411.0,13122.0,5669.0
2019-07-12 00:00:00,20549.0,10108.0,30657.0,17413.0,7305.0
2019-07-13 00:00:00,28013.0,10401.0,38414.0,15282.0,4881.0
2019-07-14 00:00:00,34038.0,7961.0,41999.0,14074.0,6113.0
2019-07-15 00:00:00,23687.0,8077.0,31764.0,13589.0,5512.0
2019-07-16 00:00:00,35957.0,13253.0,49210.0,18408.0,5155.0
2019-07-17 00:00:00,36084.0,8390.0,44474.0,13360.0,4970.0
2019-07-18 00:00:00,34129.0,9936.0,44065.0,15535.0,5599.0
2019-07-19 00:00:00,35445.0,11347.0,46792.0,16431.0,5084.0
2019-07-20 00:00:00,33393.0,5805.0,39198.0,10503.0,4698.0
2019-07-21 00:00:00,33483.0,5760.0,39243.0,10568.0,4808.0
2019-07-22 00:00:00,33747.0,6204.0,39951.0,10855.0,4651.0
2019-07-23 00:00:00,36638.0,9076.0,45714.0,14012.0,4936.0
2019-07-24 00:00:00,2459.0,4537.0,6996.0,15637.0,11100.0
2019-07-25 00:00:00,29589.0,8412.0,38001.0,14892.0,6480.0
2019-07-26 00:00:00,29055.0,6872.0,35927.0,12505.0,5633.0
2019-07-27 00:00:00,21618.0,4791.0,26409.0,9521.0,4730.0
2019-07-28 00:00:00,1940.0,1208.0,3148.0,5782.0,4574.0
2019-07-29 00:00:00,24487.0,4520.0,29007.0,9775.0,5255.0
2019-07-30 00:00:00,38385.0,5395.0,43780.0,9392.0,3997.0
2019-07-31 00:00:00,27247.0,4583.0,31830.0,8553.0,3970.0
2019-08-01 00:00:00,34542.0,5970.0,40512.0,7614.0,1644.0
2019-08-02 00:00:00,24014.0,4904.0,28918.0,8757.0,3853.0
2019-08-03 00:00:00,38909.0,4897.0,43806.0,8569.0,3672.0
2019-08-04 00:00:00,39532.0,5205.0,44737.0,9104.0,3899.0
2019-08-05 00:00:00,31784.0,5164.0,36948.0,9374.0,4210.0
2019-08-06 00:00:00,14513.0,5203.0,19716.0,7324.0,2121.0
2019-08-07 00:00:00,6454.0,1651.0,8105.0,5297.0,3646.0
2019-08-08 00:00:00,41592.0,5375.0,46967.0,10933.0,5558.0
2019-08-09 00:00:00,33349.0,4803.0,38152.0,8751.0,3948.0
2019-08-10 00:00:00,12811.0,5437.0,18248.0,10238.0,4801.0
2019-08-11 00:00:00,26851.0,7504.0,34355.0,14958.0,7454.0
2019-08-12 00:00:00,7642.0,6244.0,13886.0,14077.0,7833.0
2019-08-13 00:00:00,19235.0,6946.0,26181.0,12346.0,5400.0
2019-08-14 00:00:00,36840.0,9248.0,46088.0,14702.0,5454.0
2019-08-15 00:00:00,22273.0,7942.0,30215.0,13628.0,5686.0
2019-08-16 00:00:00,35364.0,7117.0,42481.0,12018.0,4901.0
2019-08-17 00:00:00,11368.0,9484.0,20852.0,17071.0,7587.0
2019-08-18 00:00:00,31731.0,8631.0,40362.0,15764.0,7133.0
2019-08-19 00:00:00,13691.0,8019.0,21710.0,16530.0,8511.0
2019-08-20 00:00:00,2621.0,2450.0,5071.0,11742.0,9292.0
2019-08-21 00:00:00,12922.0,8480.0,21402.0,22896.0,14416.0
2019-08-22 00:00:00,10611.0,6950.0,17561.0,12874.0,5924.0
2019-08-23 00:00:00,11007.0,8856.0,19863.0,16386.0,7530.0
2019-08-24 00:00:00,31863.0,12691.0,44554.0,16449.0,3758.0
2019-08-25 00:00:00,32726.0,10196.0,42922.0,16446.0,6250.0
2019-08-26 00:00:00,33754.0,8167.0,41921.0,14418.0,6251.0
2019-08-27 00:00:00,25857.0,11695.0,37552.0,19442.0,7747.0
2019-08-28 00:00:00,17014.0,8387.0,25401.0,14778.0,6391.0
2019-08-29 00:00:00,24226.0,8958.0,33184.0,16212.0,7254.0
2019-08-30 00:00:00,31565.0,8584.0,40149.0,14521.0,5937.0
2019-08-31 00:00:00,22964.0,5308.0,28272.0,10435.0,5127.0
2019-09-01 00:00:00,15238.0,5025.0,20263.0,11077.0,6052.0
2019-09-02 00:00:00,4411.0,2152.0,6563.0,10343.0,8191.0
2019-09-03 00:00:00,31344.0,10810.0,42154.0,21274.0,10464.0
2019-09-04 00:00:00,27252.0,13607.0,40859.0,19742.0,6135.0
2019-09-05 00:00:00,3124.0,3387.0,6511.0,10509.0,7122.0
2019-09-06 00:00:00,4529.0,2693.0,7222.0,12591.0,9898.0
2019-09-07 00:00:00,22181.0,9548.0,31729.0,18542.0,8994.0
2019-09-08 00:00:00,1611.0,3954.0,5565.0,16417.0,12463.0
2019-09-09 00:00:00,28867.0,8169.0,37036.0,23434.0,15265.0
2019-09-10 00:00:00,25434.0,12764.0,38198.0,19887.0,7123.0
2019-09-11 00:00:00,17298.0,11834.0,29132.0,21176.0,9342.0
2019-09-12 00:00:00,31163.0,8371.0,39534.0,15226.0,6855.0
2019-09-13 00:00:00,26391.0,11817.0,38208.0,17949.0,6132.0
2019-09-14 00:00:00,24706.0,5340.0,30046.0,10593.0,5253.0
2019-09-15 00:00:00,32093.0,5676.0,37769.0,11136.0,5460.0
2019-09-16 00:00:00,26206.0,9372.0,35578.0,16253.0,6881.0
2019-09-17 00:00:00,25291.0,12425.0,37716.0,19428.0,7003.0
2019-09-18 00:00:00,17892.0,9997.0,27889.0,18507.0,8510.0
2019-09-19 00:00:00,30615.0,8654.0,39269.0,15111.0,6457.0
2019-09-20 00:00:00,28608.0,9930.0,38538.0,17084.0,7154.0
2019-09-21 00:00:00,26502.0,10003.0,36505.0,17057.0,7054.0
2019-09-22 00:00:00,20864.0,9234.0,30098.0,18220.0,8986.0
2019-09-23 00:00:00,11273.0,7543.0,18816.0,16239.0,8696.0
2019-09-24 00:00:00,7311.0,3507.0,10818.0,9797.0,6290.0
2019-09-25 00:00:00,10565.0,9776.0,20341.0,25361.0,15585.0
2019-09-26 00:00:00,6598.0,3154.0,9752.0,10580.0,7426.0
2019-09-27 00:00:00,20900.0,7543.0,28443.0,18589.0,11046.0
2019-09-28 00:00:00,20749.0,10420.0,31169.0,16718.0,6298.0
2019-09-29 00:00:00,14872.0,17271.0,32143.0,28697.0,11426.0
2019-09-30 00:00:00,21196.0,9038.0,30234.0,17130.0,8092.0
2019-10-01 00:00:00,19563.0,11755.0,31318.0,18996.0,7241.0
2019-10-02 00:00:00,4736.0,4699.0,9435.0,16051.0,11352.0
2019-10-03 00:00:00,23168.0,8044.0,31212.0,17792.0,9748.0
2019-10-04 00:00:00,2145.0,3442.0,5587.0,13678.0,10236.0
2019-10-05 00:00:00,4782.0,3823.0,8605.0,15720.0,11897.0
2019-10-06 00:00:00,4969.0,3361.0,8330.0,19960.0,16599.0
2019-10-07 00:00:00,12950.0,8144.0,21094.0,23004.0,14860.0
2019-10-08 00:00:00,8830.0,11052.0,19882.0,19773.0,8721.0
2019-10-09 00:00:00,127.0,1958.0,2085.0,17047.0,15089.0
2019-10-10 00:00:00,15491.0,9010.0,24501.0,19037.0,10027.0
2019-10-11 00:00:00,24944.0,7731.0,32675.0,14654.0,6923.0
2019-10-12 00:00:00,13545.0,10514.0,24059.0,17733.0,7219.0
2019-10-13 00:00:00,17855.0,10338.0,28193.0,18687.0,8349.0
2019-10-14 00:00:00,18201.0,11677.0,29878.0,18371.0,6694.0
2019-10-15 00:00:00,3583.0,4509.0,8092.0,12958.0,8449.0
2019-10-16 00:00:00,25266.0,5634.0,30900.0,14768.0,9134.0
2019-10-17 00:00:00,10998.0,12631.0,23629.0,22798.0,10167.0
2019-10-18 00:00:00,5713.0,7455.0,13168.0,17846.0,10391.0
2019-10-19 00:00:00,5965.0,8445.0,14410.0,22446.0,14001.0
2019-10-20 00:00:00,5451.0,8770.0,14221.0,21936.0,13166.0
2019-10-21 00:00:00,4125.0,3616.0,7741.0,14544.0,10928.0
2019-10-22 00:00:00,2503.0,2067.0,4570.0,17452.0,15385.0
2019-10-23 00:00:00,8082.0,9763.0,17845.0,28300.0,18537.0
2019-10-24 00:00:00,5456.0,3946.0,9402.0,13171.0,9225.0
2019-10-25 00:00:00,12357.0,9530.0,21887.0,22946.0,13416.0
2019-10-26 00:00:00,16096.0,10243.0,26339.0,17919.0,7676.0
2019-10-27 00:00:00,17255.0,5098.0,22353.0,17085.0,11987.0
2019-10-28 00:00:00,2059.0,2130.0,4189.0,11801.0,9671.0
2019-10-29 00:00:00,757.0,2822.0,3579.0,17994.0,15172.0
2019-10-30 00:00:00,845.0,2825.0,3670.0,23539.0,20714.0
2019-10-31 00:00:00,1472.0,2687.0,4159.0,25028.0,22341.0
2019-11-01 00:00:00,3304.0,3332.0,6636.0,18758.0,15426.0
2019-11-02 00:00:00,5553.0,4379.0,9932.0,21680.0,17301.0
2019-11-03 00:00:00,1084.0,2329.0,3413.0,24337.0,22008.0
2019-11-04 00:00:00,6214.0,6372.0,12586.0,24162.0,17790.0
2019-11-05 00:00:00,4309.0,8184.0,12493.0,21129.0,12945.0
2019-11-06 00:00:00,1123.0,2155.0,3278.0,15142.0,12987.0
2019-11-07 00:00:00,2104.0,2743.0,4847.0,17748.0,15005.0
2019-11-08 00:00:00,805.0,1168.0,1973.0,17451.0,16283.0
2019-11-09 00:00:00,4405.0,6613.0,11018.0,21228.0,14615.0
2019-11-10 00:00:00,3667.0,5034.0,8701.0,23743.0,18709.0
2019-11-11 00:00:00,5482.0,6535.0,12017.0,20181.0,13646.0
2019-11-12 00:00:00,7358.0,12951.0,20309.0,22754.0,9803.0
2019-11-13 00:00:00,3127.0,6351.0,9478.0,20811.0,14460.0
2019-11-14 00:00:00,5758.0,3323.0,9081.0,17663.0,14340.0
2019-11-15 00:00:00,4007.0,3858.0,7865.0,17824.0,13966.0
2019-11-16 00:00:00,7699.0,11957.0,19656.0,25473.0,13516.0
2019-11-17 00:00:00,245.0,1339.0,1584.0,22892.0,21553.0
2019-11-18 00:00:00,5436.0,5450.0,10886.0,20358.0,14908.0
2019-11-19 00:00:00,2691.0,6123.0,8814.0,21494.0,15371.0
2019-11-20 00:00:00,3.0,1574.0,1577.0,21078.0,19504.0
2019-11-21 00:00:00,245.0,1661.0,1906.0,16621.0,14960.0
2019-11-22 00:00:00,4970.0,8615.0,13585.0,19063.0,10448.0
2019-11-23 00:00:00,444.0,2040.0,2484.0,18683.0,16643.0
2019-11-24 00:00:00,2171.0,3394.0,5565.0,24451.0,21057.0
2019-11-25 00:00:00,1209.0,1644.0,2853.0,23382.0,21738.0
2019-11-26 00:00:00,5034.0,5714.0,10748.0,20071.0,14357.0
2019-11-27 00:00:00,4276.0,9555.0,13831.0,24015.0,14460.0
2019-11-28 00:00:00,600.0,1641.0,2241.0,18230.0,16589.0
2019-11-29 00:00:00,7.0,372.0,379.0,21354.0,20982.0
2019-11-30 00:00:00,11597.0,4472.0,16069.0,9583.0,5111.0
2019-12-01 00:00:00,1532.0,1666.0,3198.0,17579.0,15913.0
2019-12-02 00:00:00,100.0,1707.0,1807.0,18995.0,17288.0
2019-12-03 00:00:00,5774.0,12896.0,18670.0,21175.0,8279.0
2019-12-04 00:00:00,1184.0,2353.0,3537.0,17336.0,14983.0
2019-12-05 00:00:00,504.0,1946.0,2450.0,17127.0,15181.0
2019-12-06 00:00:00,6052.0,9243.0,15295.0,18607.0,9364.0
2019-12-07 00:00:00,2877.0,5783.0,8660.0,22841.0,17058.0
2019-12-08 00:00:00,7129.0,6890.0,14019.0,24007.0,17117.0
2019-12-09 00:00:00,2652.0,1459.0,4111.0,16691.0,15232.0
2019-12-10 00:00:00,6086.0,11431.0,17517.0,21639.0,10208.0
2019-12-11 00:00:00,322.0,2400.0,2722.0,17920.0,15520.0
2019-12-12 00:00:00,4381.0,5736.0,10117.0,18634.0,12898.0
2019-12-13 00:00:00,1928.0,2387.0,4315.0,16668.0,14281.0
2019-12-14 00:00:00,2934.0,6777.0,9711.0,19511.0,12734.0
2019-12-15 00:00:00,1702.0,3580.0,5282.0,26839.0,23259.0
2019-12-16 00:00:00,5279.0,3331.0,8610.0,22703.0,19372.0
2019-12-17 00:00:00,2122.0,2414.0,4536.0,16956.0,14542.0
2019-12-18 00:00:00,4400.0,9731.0,14131.0,19749.0,10018.0
2019-12-19 00:00:00,2311.0,1960.0,4271.0,16538.0,14578.0
2019-12-20 00:00:00,891.0,1517.0,2408.0,17894.0,16377.0
2019-12-21 00:00:00,1883.0,2398.0,4281.0,18260.0,15862.0
2019-12-22 00:00:00,534.0,1564.0,2098.0,27757.0,26193.0
2019-12-23 00:00:00,0.0,722.0,722.0,23936.0,23214.0
2019-12-24 00:00:00,62.0,1050.0,1112.0,22403.0,21353.0
2019-12-25 00:00:00,537.0,2515.0,3052.0,20095.0,17580.0
2019-12-26 00:00:00,931.0,2624.0,3555.0,22349.0,19725.0
2019-12-27 00:00:00,1.0,1223.0,1224.0,24684.0,23461.0
2019-12-28 00:00:00,2549.0,3171.0,5720.0,23043.0,19872.0
2019-12-29 00:00:00,4856.0,7369.0,12225.0,22194.0,14825.0
2019-12-30 00:00:00,1.0,1658.0,1659.0,23067.0,21409.0
2019-12-31 00:00:00,1087.0,2241.0,3328.0,27459.0,25218.0
2020-01-01 00:00:00,8.0,1256.0,1264.0,26850.0,25594.0
2020-01-02 00:00:00,417.0,1824.0,2241.0,27150.0,25326.0
2020-01-03 00:00:00,3717.0,6640.0,10357.0,28112.0,21472.0
2020-01-04 00:00:00,622.0,2104.0,2726.0,25208.0,23104.0
2020-01-05 00:00:00,7037.0,11904.0,18941.0,26106.0,14202.0
2020-01-06 00:00:00,2186.0,2575.0,4761.0,18817.0,16242.0
2020-01-07 00:00:00,3634.0,3057.0,6691.0,19526.0,16469.0
2020-01-08 00:00:00,5627.0,9503.0,15130.0,27606.0,18103.0
2020-01-09 00:00:00,9444.0,7292.0,16736.0,16211.0,8919.0
2020-01-10 00:00:00,7704.0,7403.0,15107.0,14280.0,6877.0
2020-01-11 00:00:00,2482.0,5020.0,7502.0,27077.0,22057.0
2020-01-12 00:00:00,7932.0,10558.0,18490.0,24158.0,13600.0
2020-01-13 00:00:00,9680.0,4075.0,13755.0,16791.0,12716.0
2020-01-14 00:00:00,5340.0,14253.0,19593.0,22324.0,8071.0
2020-01-15 00:00:00,6268.0,12332.0,18600.0,28152.0,15820.0
2020-01-16 00:00:00,10067.0,9811.0,19878.0,18264.0,8453.0
2020-01-17 00:00:00,3457.0,2892.0,6349.0,16994.0,14102.0
2020-01-18 00:00:00,5050.0,8807.0,13857.0,18592.0,9785.0
2020-01-19 00:00:00,5285.0,8311.0,13596.0,26333.0,18022.0
2020-01-20 00:00:00,11795.0,8263.0,20058.0,16775.0,8512.0
2020-01-21 00:00:00,5389.0,12383.0,17772.0,21257.0,8874.0
2020-01-22 00:00:00,1876.0,3489.0,5365.0,19260.0,15771.0
2020-01-23 00:00:00,841.0,1692.0,2533.0,14600.0,12908.0
2020-01-24 00:00:00,4345.0,1986.0,6331.0,16221.0,14235.0
2020-01-25 00:00:00,3747.0,3010.0,6757.0,17632.0,14622.0
2020-01-26 00:00:00,4253.0,3119.0,7372.0,22421.0,19302.0
2020-01-27 00:00:00,5349.0,4751.0,10100.0,19774.0,15023.0
2020-01-28 00:00:00,3121.0,2971.0,6092.0,19121.0,16150.0
2020-01-29 00:00:00,10.0,1678.0,1688.0,24025.0,22347.0
2020-01-30 00:00:00,7915.0,6287.0,14202.0,17464.0,11177.0
2020-01-31 00:00:00,9382.0,7209.0,16591.0,15747.0,8538.0
2020-02-01 00:00:00,3090.0,2987.0,6077.0,19000.0,16013.0
2020-02-02 00:00:00,113.0,1653.0,1766.0,29828.0,28175.0
2020-02-03 00:00:00,1198.0,1648.0,2846.0,21064.0,19416.0
2020-02-04 00:00:00,3366.0,2731.0,6097.0,18956.0,16225.0
2020-02-05 00:00:00,9399.0,12718.0,22117.0,25575.0,12857.0
2020-02-06 00:00:00,16442.0,10139.0,26581.0,18179.0,8040.0
2020-02-07 00:00:00,16619.0,10443.0,27062.0,18103.0,7660.0
2020-02-08 00:00:00,12727.0,10847.0,23574.0,15999.0,5152.0
2020-02-09 00:00:00,10897.0,10721.0,21618.0,27330.0,16609.0
2020-02-10 00:00:00,5274.0,6079.0,11353.0,15456.0,9377.0
2020-02-11 00:00:00,3201.0,4040.0,7241.0,19239.0,15199.0
2020-02-12 00:00:00,2223.0,3242.0,5465.0,16297.0,13055.0
2020-02-13 00:00:00,3569.0,4129.0,7698.0,15917.0,11788.0
2020-02-14 00:00:00,14321.0,7221.0,21542.0,12708.0,5487.0
2020-02-15 00:00:00,17044.0,12156.0,29200.0,19687.0,7531.0
2020-02-16 00:00:00,9012.0,3939.0,12951.0,9091.0,5152.0
2020-02-17 00:00:00,4976.0,1318.0,6294.0,8365.0,7047.0
2020-02-18 00:00:00,22071.0,4222.0,26293.0,8116.0,3894.0
2020-02-19 00:00:00,8066.0,4300.0,12366.0,9849.0,5549.0
2020-02-20 00:00:00,25395.0,4631.0,30026.0,7822.0,3191.0
2020-02-21 00:00:00,22079.0,4774.0,26853.0,9972.0,5198.0
2020-02-22 00:00:00,22548.0,6205.0,28753.0,13080.0,6875.0
2020-02-23 00:00:00,1535.0,3488.0,5023.0,21938.0,18450.0
2020-02-24 00:00:00,23707.0,8811.0,32518.0,18022.0,9211.0
2020-02-25 00:00:00,5573.0,4077.0,9650.0,17569.0,13492.0
2020-02-26 00:00:00,5746.0,6286.0,12032.0,20440.0,14154.0
2020-02-27 00:00:00,1112.0,1394.0,2506.0,16530.0,15136.0
2020-02-28 00:00:00,18774.0,10363.0,29137.0,16602.0,6239.0
2020-02-29 00:00:00,15113.0,4885.0,19998.0,8986.0,4101.0
2020-03-01 00:00:00,25433.0,5147.0,30580.0,12832.0,7685.0
2020-03-02 00:00:00,4794.0,2376.0,7170.0,18372.0,15996.0
2020-03-03 00:00:00,11835.0,14126.0,25961.0,23551.0,9425.0
2020-03-04 00:00:00,12936.0,11769.0,24705.0,19751.0,7982.0
2020-03-05 00:00:00,1156.0,2583.0,3739.0,16096.0,13513.0
2020-03-06 00:00:00,693.0,2741.0,3434.0,15552.0,12811.0
2020-03-07 00:00:00,10288.0,7237.0,17525.0,15400.0,8163.0
2020-03-08 00:00:00,19057.0,9265.0,28322.0,16780.0,7515.0
2020-03-09 00:00:00,8810.0,8521.0,17331.0,17415.0,8894.0
2020-03-10 00:00:00,1541.0,3573.0,5114.0,22119.0,18546.0
2020-03-11 00:00:00,11682.0,9934.0,21616.0,22632.0,12698.0
2020-03-12 00:00:00,11490.0,8458.0,19948.0,14308.0,5850.0
2020-03-13 00:00:00,20952.0,11039.0,31991.0,20381.0,9342.0
2020-03-14 00:00:00,8985.0,8887.0,17872.0,21025.0,12138.0
2020-03-15 00:00:00,23855.0,14190.0,38045.0,22342.0,8152.0
2020-03-16 00:00:00,22003.0,14522.0,36525.0,23101.0,8579.0
2020-03-17 00:00:00,22532.0,11497.0,34029.0,19592.0,8095.0
2020-03-18 00:00:00,25536.0,11977.0,37513.0,19225.0,7248.0
2020-03-19 00:00:00,24641.0,11999.0,36640.0,18650.0,6651.0
2020-03-20 00:00:00,14632.0,12095.0,26727.0,19373.0,7278.0
2020-03-21 00:00:00,8449.0,8284.0,16733.0,19730.0,11446.0
2020-03-22 00:00:00,8191.0,9989.0,18180.0,18537.0,8548.0
2020-03-23 00:00:00,32171.0,11431.0,43602.0,19032.0,7601.0
2020-03-24 00:00:00,32450.0,10779.0,43229.0,17730.0,6951.0
2020-03-25 00:00:00,22444.0,12707.0,35151.0,22484.0,9777.0
2020-03-26 00:00:00,10418.0,14763.0,25181.0,21754.0,6991.0
2020-03-27 00:00:00,21056.0,10922.0,31978.0,17743.0,6821.0
2020-03-28 00:00:00,24972.0,14117.0,39089.0,21092.0,6975.0
2020-03-29 00:00:00,5582.0,6737.0,12319.0,22712.0,15975.0
2020-03-30 00:00:00,3246.0,4371.0,7617.0,21644.0,17273.0
2020-03-31 00:00:00,29344.0,16524.0,45868.0,21148.0,4624.0
2020-04-01 00:00:00,27014.0,17862.0,44876.0,24264.0,6402.0
2020-04-02 00:00:00,28782.0,14423.0,43205.0,21322.0,6899.0
2020-04-03 00:00:00,31962.0,12087.0,44049.0,18494.0,6407.0
2020-04-04 00:00:00,17749.0,26406.0,44155.0,33300.0,6894.0
2020-04-05 00:00:00,30843.0,13511.0,44354.0,19986.0,6475.0
2020-04-06 00:00:00,29507.0,14067.0,43574.0,21152.0,7085.0
2020-04-07 00:00:00,26969.0,16322.0,43291.0,24873.0,8551.0
2020-04-08 00:00:00,27101.0,15447.0,42548.0,22989.0,7542.0
2020-04-09 00:00:00,28492.0,14460.0,42952.0,20967.0,6507.0
2020-04-10 00:00:00,24952.0,18350.0,43302.0,25894.0,7544.0
2020-04-11 00:00:00,23182.0,20174.0,43356.0,27990.0,7816.0
2020-04-12 00:00:00,14922.0,18228.0,33150.0,27767.0,9539.0
2020-04-13 00:00:00,19334.0,17307.0,36641.0,26170.0,8863.0
2020-04-14 00:00:00,32815.0,14953.0,47768.0,21575.0,6622.0
2020-04-15 00:00:00,30127.0,15345.0,45472.0,21914.0,6569.0
2020-04-16 00:00:00,30004.0,11911.0,41915.0,18412.0,6501.0
2020-04-17 00:00:00,26591.0,11882.0,38473.0,19414.0,7532.0
2020-04-18 00:00:00,23353.0,18883.0,42236.0,25764.0,6881.0
2020-04-19 00:00:00,14279.0,15878.0,30157.0,23165.0,7287.0
2020-04-20 00:00:00,30831.0,15090.0,45921.0,23585.0,8495.0
2020-04-21 00:00:00,15661.0,12150.0,27811.0,19798.0,7648.0
2020-04-22 00:00:00,34537.0,11882.0,46419.0,19329.0,7447.0
2020-04-23 00:00:00,30826.0,15577.0,46403.0,23378.0,7801.0
2020-04-24 00:00:00,25383.0,13184.0,38567.0,20071.0,6887.0
2020-04-25 00:00:00,32403.0,14060.0,46463.0,22052.0,7992.0
2020-04-26 00:00:00,21099.0,14181.0,35280.0,22176.0,7995.0
2020-04-27 00:00:00,31089.0,14008.0,45097.0,29568.0,15560.0
2020-04-28 00:00:00,6035.0,5549.0,11584.0,11315.0,5766.0
2020-04-29 00:00:00,,,,,
2020-04-30 00:00:00,,,,,
2020-05-01 00:00:00,,,,,
2020-05-02 00:00:00,,,,,
2020-05-03 00:00:00,,,,,
2020-05-04 00:00:00,,,,,
2020-05-05 00:00:00,,,,,
2020-05-06 00:00:00,,,,,
2020-05-07 00:00:00,,,,,
2020-05-08 00:00:00,,,,,
2020-05-09 00:00:00,,,,,
2020-05-10 00:00:00,,,,,
2020-05-11 00:00:00,,,,,
2020-05-12 00:00:00,,,,,
2020-05-13 00:00:00,,,,,
2020-05-14 00:00:00,,,,,
2020-05-15 00:00:00,,,,,
2020-05-16 00:00:00,,,,,
2020-05-17 00:00:00,,,,,
2020-05-18 00:00:00,,,,,
2020-05-19 00:00:00,,,,,
2020-05-20 00:00:00,,,,,
2020-05-21 00:00:00,,,,,
2020-05-22 00:00:00,,,,,
2020-05-23 00:00:00,,,,,
2020-05-24 00:00:00,,,,,
2020-05-25 00:00:00,,,,,
2020-05-26 00:00:00,,,,,
2020-05-27 00:00:00,,,,,
2020-05-28 00:00:00,,,,,
2020-05-29 00:00:00,,,,,
2020-05-30 00:00:00,,,,,
2020-05-31 00:00:00,,,,,
2020-06-01 00:00:00,,,,,
2020-06-02 00:00:00,,,,,
2020-06-03 00:00:00,,,,,
2020-06-04 00:00:00,,,,,
2020-06-05 00:00:00,,,,,
2020-06-06 00:00:00,,,,,
2020-06-07 00:00:00,,,,,
2020-06-08 00:00:00,,,,,
2020-06-09 00:00:00,,,,,
2020-06-10 00:00:00,,,,,
2020-06-11 00:00:00,,,,,
2020-06-12 00:00:00,,,,,
2020-06-13 00:00:00,,,,,
2020-06-14 00:00:00,,,,,
2020-06-15 00:00:00,,,,,
2020-06-16 00:00:00,,,,,
2020-06-17 00:00:00,,,,,
2020-06-18 00:00:00,,,,,
2020-06-19 00:00:00,,,,,
2020-06-20 00:00:00,,,,,
2020-06-21 00:00:00,,,,,
2020-06-22 00:00:00,,,,,
2020-06-23 00:00:00,,,,,
2020-06-24 00:00:00,,,,,
2020-06-25 00:00:00,,,,,
2020-06-26 00:00:00,,,,,
2020-06-27 00:00:00,,,,,
2020-06-28 00:00:00,,,,,
2020-06-29 00:00:00,,,,,
2020-06-30 00:00:00,,,,,
2020-07-01 00:00:00,,,,,
2020-07-02 00:00:00,,,,,
2020-07-03 00:00:00,,,,,
2020-07-04 00:00:00,,,,,
2020-07-05 00:00:00,,,,,
2020-07-06 00:00:00,,,,,
2020-07-07 00:00:00,,,,,
2020-07-08 00:00:00,,,,,
2020-07-09 00:00:00,,,,,
2020-07-10 00:00:00,,,,,
2020-07-11 00:00:00,,,,,
2020-07-12 00:00:00,,,,,
2020-07-13 00:00:00,,,,,
2020-07-14 00:00:00,,,,,
2020-07-15 00:00:00,,,,,
2020-07-16 00:00:00,,,,,
2020-07-17 00:00:00,,,,,
2020-07-18 00:00:00,,,,,
2020-07-19 00:00:00,,,,,
2020-07-20 00:00:00,,,,,
2020-07-21 00:00:00,,,,,
2020-07-22 00:00:00,,,,,
2020-07-23 00:00:00,,,,,
2020-07-24 00:00:00,,,,,
2020-07-25 00:00:00,,,,,
2020-07-26 00:00:00,,,,,
2020-07-27 00:00:00,,,,,
2020-07-28 00:00:00,,,,,
2020-07-29 00:00:00,,,,,
2020-07-30 00:00:00,,,,,
2020-07-31 00:00:00,,,,,
2020-08-01 00:00:00,,,,,
2020-08-02 00:00:00,,,,,
2020-08-03 00:00:00,,,,,
2020-08-04 00:00:00,,,,,
2020-08-05 00:00:00,,,,,
2020-08-06 00:00:00,,,,,
2020-08-07 00:00:00,,,,,
2020-08-08 00:00:00,,,,,
2020-08-09 00:00:00,,,,,
2020-08-10 00:00:00,,,,,
2020-08-11 00:00:00,,,,,
2020-08-12 00:00:00,,,,,
2020-08-13 00:00:00,,,,,
2020-08-14 00:00:00,,,,,
2020-08-15 00:00:00,,,,,
2020-08-16 00:00:00,,,,,
2020-08-17 00:00:00,,,,,
2020-08-18 00:00:00,,,,,
2020-08-19 00:00:00,,,,,
2020-08-20 00:00:00,,,,,
2020-08-21 00:00:00,,,,,
2020-08-22 00:00:00,,,,,
2020-08-23 00:00:00,,,,,
2020-08-24 00:00:00,,,,,
2020-08-25 00:00:00,,,,,
2020-08-26 00:00:00,,,,,
2020-08-27 00:00:00,,,,,
2020-08-28 00:00:00,,,,,
2020-08-29 00:00:00,,,,,
2020-08-30 00:00:00,,,,,
2020-08-31 00:00:00,,,,,
2020-09-01 00:00:00,,,,,
2020-09-02 00:00:00,,,,,
2020-09-03 00:00:00,,,,,
2020-09-04 00:00:00,,,,,
2020-09-05 00:00:00,,,,,
2020-09-06 00:00:00,,,,,
2020-09-07 00:00:00,,,,,
2020-09-08 00:00:00,,,,,
2020-09-09 00:00:00,,,,,
2020-09-10 00:00:00,,,,,
2020-09-11 00:00:00,,,,,
2020-09-12 00:00:00,,,,,
2020-09-13 00:00:00,,,,,
2020-09-14 00:00:00,,,,,
2020-09-15 00:00:00,,,,,
2020-09-16 00:00:00,,,,,
2020-09-17 00:00:00,,,,,
2020-09-18 00:00:00,,,,,
2020-09-19 00:00:00,,,,,
2020-09-20 00:00:00,,,,,
2020-09-21 00:00:00,,,,,
2020-09-22 00:00:00,,,,,
2020-09-23 00:00:00,,,,,
2020-09-24 00:00:00,,,,,
2020-09-25 00:00:00,,,,,
2020-09-26 00:00:00,,,,,
2020-09-27 00:00:00,,,,,
2020-09-28 00:00:00,,,,,
2020-09-29 00:00:00,,,,,
2020-09-30 00:00:00,,,,,
2020-10-01 00:00:00,,,,,
2020-10-02 00:00:00,,,,,
2020-10-03 00:00:00,,,,,
2020-10-04 00:00:00,,,,,
2020-10-05 00:00:00,,,,,
2020-10-06 00:00:00,,,,,
2020-10-07 00:00:00,,,,,
2020-10-08 00:00:00,,,,,
2020-10-09 00:00:00,,,,,
2020-10-10 00:00:00,,,,,
2020-10-11 00:00:00,,,,,
2020-10-12 00:00:00,,,,,
2020-10-13 00:00:00,,,,,
2020-10-14 00:00:00,,,,,
2020-10-15 00:00:00,,,,,
2020-10-16 00:00:00,,,,,
2020-10-17 00:00:00,,,,,
2020-10-18 00:00:00,,,,,
2020-10-19 00:00:00,,,,,
2020-10-20 00:00:00,,,,,
2020-10-21 00:00:00,,,,,
2020-10-22 00:00:00,,,,,
2020-10-23 00:00:00,,,,,
2020-10-24 00:00:00,,,,,
2020-10-25 00:00:00,,,,,
2020-10-26 00:00:00,,,,,
2020-10-27 00:00:00,,,,,
2020-10-28 00:00:00,,,,,
2020-10-29 00:00:00,,,,,
2020-10-30 00:00:00,,,,,
2020-10-31 00:00:00,,,,,
2020-11-01 00:00:00,,,,,
2020-11-02 00:00:00,,,,,
2020-11-03 00:00:00,,,,,
2020-11-04 00:00:00,,,,,
2020-11-05 00:00:00,,,,,
2020-11-06 00:00:00,,,,,
2020-11-07 00:00:00,,,,,
2020-11-08 00:00:00,,,,,
2020-11-09 00:00:00,,,,,
2020-11-10 00:00:00,,,,,
2020-11-11 00:00:00,,,,,
2020-11-12 00:00:00,,,,,
2020-11-13 00:00:00,,,,,
2020-11-14 00:00:00,,,,,
2020-11-15 00:00:00,,,,,
2020-11-16 00:00:00,,,,,
2020-11-17 00:00:00,,,,,
2020-11-18 00:00:00,,,,,
2020-11-19 00:00:00,,,,,
2020-11-20 00:00:00,,,,,
2020-11-21 00:00:00,,,,,
2020-11-22 00:00:00,,,,,
2020-11-23 00:00:00,,,,,
2020-11-24 00:00:00,,,,,
2020-11-25 00:00:00,,,,,
2020-11-26 00:00:00,,,,,
2020-11-27 00:00:00,,,,,
2020-11-28 00:00:00,,,,,
2020-11-29 00:00:00,,,,,
2020-11-30 00:00:00,,,,,
2020-12-01 00:00:00,,,,,
2020-12-02 00:00:00,,,,,
2020-12-03 00:00:00,,,,,
2020-12-04 00:00:00,,,,,
2020-12-05 00:00:00,,,,,
2020-12-06 00:00:00,,,,,
2020-12-07 00:00:00,,,,,
2020-12-08 00:00:00,,,,,
2020-12-09 00:00:00,,,,,
2020-12-10 00:00:00,,,,,
2020-12-11 00:00:00,,,,,
2020-12-12 00:00:00,,,,,
2020-12-13 00:00:00,,,,,
2020-12-14 00:00:00,,,,,
2020-12-15 00:00:00,,,,,
2020-12-16 00:00:00,,,,,
2020-12-17 00:00:00,,,,,
2020-12-18 00:00:00,,,,,
2020-12-19 00:00:00,,,,,
2020-12-20 00:00:00,,,,,
2020-12-21 00:00:00,,,,,
2020-12-22 00:00:00,,,,,
2020-12-23 00:00:00,,,,,
2020-12-24 00:00:00,,,,,
2020-12-25 00:00:00,,,,,
2020-12-26 00:00:00,,,,,
2020-12-27 00:00:00,,,,,
2020-12-28 00:00:00,,,,,
2020-12-29 00:00:00,,,,,
2020-12-30 00:00:00,,,,,
2020-12-31 00:00:00,,,,,
